"scfind","CellMarker","Tissue"
0.707224309444427,0.00161059421952814,"Heart"
0.695652186870575,0.0051652891561389,"Heart"
0.677631556987762,0.00901713222265244,"Heart"
0.677551090717316,0.0126063954085112,"Heart"
0.658385097980499,0.0158033352345228,"Heart"
0.637873709201813,0.0773809477686882,"Heart"
0.635379076004028,0.0962230265140533,"Heart"
0.62184876203537,0.16837041079998,"Heart"
0.609756112098694,0.205317571759224,"Heart"
0.606896579265594,0.236003428697586,"Heart"
0.598187327384949,0.259433954954147,"Heart"
0.582716047763824,0.269925624132156,"Heart"
0.576623380184174,0.314835786819458,"Heart"
0.5716952085495,0.171318128705025,"Heart"
0.50539618730545,0.220301553606987,"Heart"
0.479881882667542,0.241330921649933,"Heart"
0.467794865369797,0.276834905147552,"Heart"
0.417368769645691,0.281219512224197,"Heart"
0.410989820957184,0.348243296146393,"Heart"
0.406266033649445,0.350762188434601,"Heart"
0.40623939037323,0.363993555307388,"Heart"
0.406149715185165,0.40623939037323,"Heart"
0.596211373806,0.0452006794512272,"Heart"
0.550198912620544,0.108050622045994,"Heart"
0.546163856983185,0.126169517636299,"Heart"
0.498753100633621,0.128518655896187,"Heart"
0.457275927066803,0.154877305030823,"Heart"
0.449340581893921,0.260813593864441,"Heart"
0.447232097387314,0.261275053024292,"Heart"
0.420865118503571,0.275702208280563,"Heart"
0.420579165220261,0.285131812095642,"Heart"
0.412462085485458,0.287673711776733,"Heart"
0.0810810849070549,0.000428770494181663,"Kidney"
0.070422537624836,0.000687049119733274,"Kidney"
0.0689655169844627,0.000797554152086377,"Kidney"
0.0434782616794109,0.000842341629322618,"Kidney"
0.0416666679084301,0.000947957101743668,"Kidney"
0.0408163256943226,0.00109529029577971,"Kidney"
0.0384615398943424,0.00112384802196175,"Kidney"
0.0384615398943424,0.00112525490112603,"Kidney"
0.0380228161811829,0.00114955741446465,"Kidney"
0.0377358496189117,0.001283147954382,"Kidney"
0.036363635212183,0.00129366107285023,"Kidney"
0.0344827584922314,0.00131252047140151,"Kidney"
0.0338983051478863,0.00134518044069409,"Kidney"
0.0338983051478863,0.00136170210316777,"Kidney"
0.0333333350718021,0.00137622572947294,"Kidney"
0.0327868834137917,0.00139606313314289,"Kidney"
0.0327868834137917,0.00140449439641088,"Kidney"
0.0307692307978868,0.00145503389649093,"Kidney"
0.030303031206131,0.00149889918975532,"Kidney"
0.030303031206131,0.00164095824584365,"Kidney"
0.030303031206131,0.00169945741072297,"Kidney"
0.0298507455736399,0.00174759700894356,"Kidney"
0.0298507455736399,0.00179808563552797,"Kidney"
0.0298507455736399,0.00182149361353368,"Kidney"
0.0298507455736399,0.00188758387230337,"Kidney"
0.0294117648154497,0.0018893611850217,"Kidney"
0.0294117648154497,0.00190930790267885,"Kidney"
0.0294117648154497,0.00193278200458735,"Kidney"
0.028985507786274,0.00197608931921422,"Kidney"
0.028985507786274,0.00197677290998399,"Kidney"
0.028985507786274,0.00208499422296882,"Kidney"
0.0288924556225538,0.00208659353666008,"Kidney"
0.0281690135598183,0.00210439646616578,"Kidney"
0.0281690135598183,0.00220451923087239,"Kidney"
0.0277777779847383,0.00220567965880036,"Kidney"
0.027530362829566,0.00222739716991782,"Kidney"
0.027515722438693,0.00222847750410438,"Kidney"
0.0273972600698471,0.00231366720981896,"Kidney"
0.0273972600698471,0.00234237732365727,"Kidney"
0.0263157896697521,0.00235380651429296,"Kidney"
0.0260972734540701,0.00236286921426654,"Kidney"
0.0256410259753466,0.00236686388961971,"Kidney"
0.025000000372529,0.00244456087239087,"Kidney"
0.025000000372529,0.00248729321174324,"Kidney"
0.0246913582086563,0.0024915907997638,"Kidney"
0.0240963846445084,0.00250371638685465,"Kidney"
0.0240073893219233,0.00253267982043326,"Kidney"
0.0239520967006683,0.00253324885852635,"Kidney"
0.023554602637887,0.0025683359708637,"Kidney"
0.0232558138668537,0.00258899666368961,"Kidney"
0.0227272734045982,0.00259788450784981,"Kidney"
0.0224719103425741,0.00260209594853222,"Kidney"
0.0224719103425741,0.00261194026097655,"Kidney"
0.0222222227603197,0.00264573586173356,"Kidney"
0.0222222227603197,0.00267988746054471,"Kidney"
0.0217835269868374,0.00271186442114413,"Kidney"
0.0217391308397055,0.00277891266159713,"Kidney"
0.020833333954215,0.0028180128429085,"Kidney"
0.020833333954215,0.0028678581584245,"Kidney"
0.0206185560673475,0.00289315986447036,"Kidney"
0.0205479450523853,0.00290310895070434,"Kidney"
0.0202020201832056,0.00290768127888441,"Kidney"
0.01970443315804,0.00294482335448265,"Kidney"
0.0192307699471712,0.00298953661695123,"Kidney"
0.0188679248094559,0.00300225149840117,"Kidney"
0.0188157167285681,0.00301861483603716,"Kidney"
0.0186915881931782,0.00305052427574992,"Kidney"
0.0186915881931782,0.00313075538724661,"Kidney"
0.0186915881931782,0.00313211837783456,"Kidney"
0.0185758508741856,0.00314712827093899,"Kidney"
0.0185185186564922,0.00316848047077656,"Kidney"
0.0183486230671406,0.00319758430123329,"Kidney"
0.0182415172457695,0.00320783373899758,"Kidney"
0.0181818176060915,0.00327667407691479,"Kidney"
0.0180180184543133,0.00339379743672907,"Kidney"
0.0180180184543133,0.00340513722039759,"Kidney"
0.0173913035541773,0.00342687801457942,"Kidney"
0.0173913035541773,0.00348432059399784,"Kidney"
0.0171779152005911,0.00365965231321752,"Kidney"
0.0171232875436544,0.00367926899343729,"Kidney"
0.0169491525739431,0.00369989732280374,"Kidney"
0.0168539322912693,0.00370599119924009,"Kidney"
0.016801854595542,0.00371640967205167,"Kidney"
0.0166666675359011,0.00376606150530279,"Kidney"
0.0165975112468004,0.00380647089332342,"Kidney"
0.0163934417068958,0.00380865321494639,"Kidney"
0.0163934417068958,0.00383785087615252,"Kidney"
0.0162601619958878,0.00385423982515931,"Kidney"
0.01623953320086,0.00385480257682502,"Kidney"
0.0162381585687399,0.0040131863206625,"Kidney"
0.0161290317773819,0.00402504485100508,"Kidney"
0.0161290317773819,0.0040354416705668,"Kidney"
0.0160642564296722,0.00404585292562842,"Kidney"
0.0160000007599592,0.0040866369381547,"Kidney"
0.0159362554550171,0.00409325491636992,"Kidney"
0.0159151181578636,0.00412505446001887,"Kidney"
0.0158730167895555,0.00424259947612882,"Kidney"
0.0158730167895555,0.00430107535794377,"Kidney"
0.015748031437397,0.00430751917883754,"Kidney"
0.0156709104776382,0.00440447777509689,"Kidney"
0.0156657956540585,0.00449141347780824,"Kidney"
0.0155961411073804,0.004525993950665,"Kidney"
0.0155038759112358,0.00463723344728351,"Kidney"
0.0153846153989434,0.00467637367546558,"Kidney"
0.0151636060327291,0.00473877508193254,"Kidney"
0.0151515156030655,0.00479340413585305,"Kidney"
0.015144344419241,0.00480526033788919,"Kidney"
0.0149892931804061,0.00483551900833845,"Kidney"
0.0149355065077543,0.00487245619297028,"Kidney"
0.0148906465619802,0.00492125982418656,"Kidney"
0.0148883378133178,0.00493388576433063,"Kidney"
0.0148148145526648,0.00498753134161234,"Kidney"
0.0148011101409793,0.00501113571226597,"Kidney"
0.0147058824077249,0.00510337622836232,"Kidney"
0.0145985400304198,0.00515995873138309,"Kidney"
0.0145278442651033,0.00517525291070342,"Kidney"
0.0145137878134847,0.00518975034356117,"Kidney"
0.0144404331222177,0.00523802218958735,"Kidney"
0.0142857143655419,0.00525700906291604,"Kidney"
0.0142857143655419,0.00525710545480251,"Kidney"
0.0141843967139721,0.0053050396963954,"Kidney"
0.0140845067799091,0.00535517418757081,"Kidney"
0.0139860138297081,0.00572409853339195,"Kidney"
0.0138888889923692,0.00580762233585119,"Kidney"
0.0138224354013801,0.00580849032849073,"Kidney"
0.0136986300349236,0.00581511948257685,"Kidney"
0.0136518767103553,0.00587814720347524,"Kidney"
0.0136054418981075,0.0058859596028924,"Kidney"
0.0135823432356119,0.0058974358253181,"Kidney"
0.0133766485378146,0.00598951848223805,"Kidney"
0.0133333336561918,0.00602079881355166,"Kidney"
0.0133333336561918,0.00602251850068569,"Kidney"
0.0132450331002474,0.00603419356048107,"Kidney"
0.0131578948348761,0.0061115357093513,"Kidney"
0.0130718955770135,0.00616903137415648,"Kidney"
0.0129107981920242,0.00623960001394153,"Kidney"
0.012741974554956,0.00625574961304665,"Kidney"
0.0126903550699353,0.00643914984539151,"Kidney"
0.0126582281664014,0.00653316313400865,"Kidney"
0.0126315793022513,0.00681301997974515,"Kidney"
0.0126050431281328,0.00682157324627042,"Kidney"
0.0125786159187555,0.00687876204028726,"Kidney"
0.0125391846522689,0.00717918109148741,"Kidney"
0.0125195616856217,0.00720576429739594,"Kidney"
0.0124223604798317,0.0072790295816958,"Kidney"
0.0123456791043282,0.00754124158993363,"Kidney"
0.0123282857239246,0.0075872540473938,"Kidney"
0.0122783072292805,0.00772002013400197,"Kidney"
0.0121951214969158,0.00783886760473251,"Kidney"
0.0121951214969158,0.00822199415415525,"Kidney"
0.0120918974280357,0.00831899046897888,"Kidney"
0.0120030008256435,0.00832639448344707,"Kidney"
0.0119914337992668,0.00841192901134491,"Kidney"
0.0119760483503342,0.00883392244577408,"Kidney"
0.0119641069322824,0.008847382850945,"Kidney"
0.0119225038215518,0.00893898122012615,"Kidney"
0.0118965907022357,0.00916230399161577,"Kidney"
0.0118895955383778,0.00935269426554441,"Kidney"
0.0118343196809292,0.00937988515943289,"Kidney"
0.0116959065198898,0.00940649583935738,"Kidney"
0.011692107655108,0.0096027934923768,"Kidney"
0.0116700204089284,0.00968366675078869,"Kidney"
0.0116279069334269,0.00986031256616116,"Kidney"
0.0116279069334269,0.00996329262852669,"Kidney"
0.0116279069334269,0.010546138510108,"Kidney"
0.0116246892139316,0.0106091722846031,"Kidney"
0.0116031710058451,0.010854272171855,"Kidney"
0.0115718422457576,0.0108904549852014,"Kidney"
0.0115606933832169,0.0110165243968368,"Kidney"
0.0114942528307438,0.0111516183242202,"Kidney"
0.0113960113376379,0.0111672431230545,"Kidney"
0.0111672431230545,0.0115606933832169,"Kidney"
0.0111516183242202,0.0115718422457576,"Kidney"
0.011100385338068,0.0116031710058451,"Kidney"
0.0110803321003914,0.0116246892139316,"Kidney"
0.011067708954215,0.011692107655108,"Kidney"
0.0110165243968368,0.0118965907022357,"Kidney"
0.0109289614483714,0.0120030008256435,"Kidney"
0.0109289614483714,0.0133766485378146,"Kidney"
0.0108904549852014,0.0148906465619802,"Kidney"
0.0108813932165504,0.0149892931804061,"Kidney"
0.0108695654198527,0.0151636060327291,"Kidney"
0.0108695654198527,0.0155961411073804,"Kidney"
0.0108585003763437,0.0156709104776382,"Kidney"
0.010854272171855,0.01623953320086,"Kidney"
0.0107700591906905,0.0166666675359011,"Kidney"
0.010741138830781,0.016801854595542,"Kidney"
0.0107181128114462,0.0182415172457695,"Kidney"
0.0106951873749495,0.0188157167285681,"Kidney"
0.0106951873749495,0.0217835269868374,"Kidney"
0.0106100793927908,0.023554602637887,"Kidney"
0.0106091722846031,0.0260972734540701,"Kidney"
0.0105820102617145,0.027515722438693,"Kidney"
0.0105820102617145,0.027530362829566,"Kidney"
0.123505979776382,0.000565930968150496,"Kidney"
0.118959106504917,0.000600781000684947,"Kidney"
0.11472275853157,0.000633312214631587,"Kidney"
0.104575164616108,0.000666666659526527,"Kidney"
0.10065646469593,0.000678963493555784,"Kidney"
0.0928269997239113,0.000685694685671479,"Kidney"
0.0901639237999916,0.000713775865733624,"Kidney"
0.0864197537302971,0.000767459685448557,"Kidney"
0.0847457647323608,0.000796178355813026,"Kidney"
0.0783132538199425,0.00080840743612498,"Kidney"
0.0781476125121117,0.00081913493340835,"Kidney"
0.0722891539335251,0.000821018067654222,"Kidney"
0.0709219872951508,0.000925497442949563,"Kidney"
0.0679468214511871,0.000960522564128041,"Kidney"
0.06593406945467,0.000977039569988847,"Kidney"
0.0638297870755196,0.000988752930425107,"Kidney"
0.062176164239645,0.00102197239175439,"Kidney"
0.0590717308223248,0.00104076322168112,"Kidney"
0.057644110172987,0.00106134579982609,"Kidney"
0.0547112450003624,0.001072529819794,"Kidney"
0.0518134720623493,0.00108357041608542,"Kidney"
0.0516605153679848,0.00109729333780706,"Kidney"
0.0506329126656055,0.00110987795051187,"Kidney"
0.0504201650619507,0.00114656984806061,"Kidney"
0.0503144636750221,0.00115975644439459,"Kidney"
0.048387099057436,0.00117154803592712,"Kidney"
0.0472972989082336,0.00118413264863193,"Kidney"
0.0456852801144123,0.00119877129327506,"Kidney"
0.044188279658556,0.0012341869296506,"Kidney"
0.044088177382946,0.00125944579485804,"Kidney"
0.0434056743979454,0.0012732770992443,"Kidney"
0.0418848171830177,0.00130624091252685,"Kidney"
0.0417754575610161,0.00133130478207022,"Kidney"
0.0406320542097092,0.00135531963314861,"Kidney"
0.0404040403664112,0.00136534299235791,"Kidney"
0.0400616340339184,0.00136908155400306,"Kidney"
0.0396039597690105,0.00146735145244747,"Kidney"
0.0376175567507744,0.00146938778925687,"Kidney"
0.0372670814394951,0.00149742630310357,"Kidney"
0.0365853682160378,0.00152226304635406,"Kidney"
0.0365659780800343,0.00155959441326559,"Kidney"
0.036529678851366,0.00156770530156791,"Kidney"
0.0361445769667625,0.00161262461915612,"Kidney"
0.0357142873108387,0.00163989199791104,"Kidney"
0.0344827584922314,0.00169587344862521,"Kidney"
0.0342205315828323,0.00172028213273734,"Kidney"
0.0332829020917416,0.00174811296164989,"Kidney"
0.032967034727335,0.00176834664307535,"Kidney"
0.0324324332177639,0.00177128310315311,"Kidney"
0.0324214808642864,0.00184757506940514,"Kidney"
0.031620554625988,0.00186988711357117,"Kidney"
0.0311890840530396,0.00188525125849992,"Kidney"
0.0300300307571888,0.00188857410103083,"Kidney"
0.0298507455736399,0.00191052374430001,"Kidney"
0.0298305079340935,0.00196832790970802,"Kidney"
0.0296296291053295,0.00211438839323819,"Kidney"
0.0295358654111624,0.00213732291013002,"Kidney"
0.028985507786274,0.00220126938074827,"Kidney"
0.0281690135598183,0.00220205774530768,"Kidney"
0.0281690135598183,0.00266429828479886,"Kidney"
0.0279069785028696,0.00271479575894773,"Kidney"
0.0277777779847383,0.00277777784503996,"Kidney"
0.0277777779847383,0.00282060913741589,"Kidney"
0.0277777779847383,0.00317796599119902,"Kidney"
0.0275482106953859,0.00320384465157986,"Kidney"
0.0273972600698471,0.00751879718154669,"Kidney"
0.412371128797531,0.00032195751555264,"Kidney"
0.327586203813553,0.000378071825252846,"Kidney"
0.32323232293129,0.000437234964920208,"Kidney"
0.316831678152084,0.000471031555207446,"Kidney"
0.289855092763901,0.000540979148354381,"Kidney"
0.227979257702827,0.00055417011026293,"Kidney"
0.226190492510796,0.000592900032643229,"Kidney"
0.192592605948448,0.000720980518963188,"Kidney"
0.188034176826477,0.000791243568528444,"Kidney"
0.17910447716713,0.000799254048615694,"Kidney"
0.133333340287209,0.000803212868049741,"Kidney"
0.112956821918488,0.000874508114065975,"Kidney"
0.111111111938953,0.000982449855655432,"Kidney"
0.110476195812225,0.00104849284980446,"Kidney"
0.109890103340149,0.00106007070280612,"Kidney"
0.0979689359664917,0.00108049705158919,"Kidney"
0.0945121943950653,0.00110741972457618,"Kidney"
0.09375,0.00113106181379408,"Kidney"
0.0935672521591187,0.0012113869888708,"Kidney"
0.0930232554674149,0.00130146706942469,"Kidney"
0.0892857164144516,0.00135719741228968,"Kidney"
0.0833333358168602,0.00138780463021249,"Kidney"
0.0813214704394341,0.00153124704957008,"Kidney"
0.0808080807328224,0.00157377042341977,"Kidney"
0.0796812772750854,0.00162156682927161,"Kidney"
0.074866309762001,0.00169491523411125,"Kidney"
0.070175439119339,0.00171526591293514,"Kidney"
0.0675105452537537,0.00172043009661138,"Kidney"
0.0663716793060303,0.00191717781126499,"Kidney"
0.0618336834013462,0.00195121951401234,"Kidney"
0.0591397807002068,0.00198070961050689,"Kidney"
0.0579710155725479,0.00200380710884929,"Kidney"
0.0567375868558884,0.00207588518969715,"Kidney"
0.0563380271196365,0.00212483410723507,"Kidney"
0.0558002926409245,0.00216526375152171,"Kidney"
0.0557377077639103,0.00234741787426174,"Kidney"
0.0555555559694767,0.00257253111340106,"Kidney"
0.0547945201396942,0.00289409421384335,"Kidney"
0.0520094595849514,0.00297566945664585,"Kidney"
0.0512820519506931,0.00354086724109948,"Kidney"
0.048387099057436,0.00369635131210089,"Kidney"
0.0462962985038757,0.00381460948847234,"Kidney"
0.046046044677496,0.00395517470315099,"Kidney"
0.0459016412496567,0.0040816324763,"Kidney"
0.0434782616794109,0.00419422471895814,"Kidney"
0.0423504523932934,0.00424628471955657,"Kidney"
0.0416666679084301,0.00445859879255295,"Kidney"
0.0415944531559944,0.00450595421716571,"Kidney"
0.0410958901047707,0.00461183721199632,"Kidney"
0.0392156876623631,0.00463499408215284,"Kidney"
0.0384615398943424,0.00478423107415438,"Kidney"
0.0384615398943424,0.00577849103137851,"Kidney"
0.0373831763863564,0.00598712731152773,"Kidney"
0.0357142873108387,0.00610920181497931,"Kidney"
0.0325203239917755,0.00658823549747467,"Kidney"
0.0305206459015608,0.00724759791046381,"Kidney"
0.0304627995938063,0.00991080328822136,"Kidney"
0.030303031206131,0.0103866122663021,"Kidney"
0.0299194473773241,0.0119999991729856,"Kidney"
0.0287769790738821,0.0162443146109581,"Kidney"
0.0285714287310839,0.0172413792461157,"Kidney"
0.0281690135598183,0.017804155126214,"Kidney"
0.0281690135598183,0.0219178088009357,"Kidney"
0.0281690135598183,0.0237068962305784,"Kidney"
0.0273972600698471,0.0242057479918003,"Kidney"
0.0272727254778147,0.0242914985865355,"Kidney"
0.0270270276814699,0.0423504523932934,"Kidney"
0.0267782434821129,0.109890103340149,"Kidney"
0.0260824207216501,0.110476195812225,"Kidney"
0.0254416968673468,0.226190492510796,"Kidney"
0.0253164563328028,0.316831678152084,"Kidney"
0.508422672748566,0.00657960306853056,"Kidney"
0.504298031330109,0.00877192988991737,"Kidney"
0.476923108100891,0.0110511435195804,"Kidney"
0.464534044265747,0.0124049428850412,"Kidney"
0.461893767118454,0.0125336768105626,"Kidney"
0.455525606870651,0.0125359697267413,"Kidney"
0.431818187236786,0.012662798166275,"Kidney"
0.411627918481827,0.0129813933745027,"Kidney"
0.381260097026825,0.0130315246060491,"Kidney"
0.36756756901741,0.0131627507507801,"Kidney"
0.364640891551971,0.0134955607354641,"Kidney"
0.363021403551102,0.0165667794644833,"Kidney"
0.353398054838181,0.0173275582492352,"Kidney"
0.343225806951523,0.0174795594066381,"Kidney"
0.336016088724136,0.0178235098719597,"Kidney"
0.33186811208725,0.0187969915568829,"Kidney"
0.32688170671463,0.0189233291894197,"Kidney"
0.321361035108566,0.0189770888537169,"Kidney"
0.320486813783646,0.0191525872796774,"Kidney"
0.318766087293625,0.0196351129561663,"Kidney"
0.31318137049675,0.021008063107729,"Kidney"
0.302788853645325,0.0212069228291512,"Kidney"
0.30209481716156,0.0214627310633659,"Kidney"
0.299727529287338,0.0223537143319845,"Kidney"
0.28035044670105,0.0227761063724756,"Kidney"
0.272357732057571,0.024317616596818,"Kidney"
0.266304343938828,0.0263080969452858,"Kidney"
0.264705896377563,0.0276332888752222,"Kidney"
0.261635214090347,0.029020557180047,"Kidney"
0.26070037484169,0.0293724946677685,"Kidney"
0.258690387010574,0.0297010615468025,"Kidney"
0.257703095674515,0.0322399251163006,"Kidney"
0.254295527935028,0.0323701910674572,"Kidney"
0.25,0.0329416915774345,"Kidney"
0.249457702040672,0.0333919152617455,"Kidney"
0.248091593384743,0.033851470798254,"Kidney"
0.239053249359131,0.0338604673743248,"Kidney"
0.234927237033844,0.0352579653263092,"Kidney"
0.234567910432816,0.0353697761893272,"Kidney"
0.232954531908035,0.0360038913786411,"Kidney"
0.230366498231888,0.0363043993711472,"Kidney"
0.225274726748466,0.0370287746191025,"Kidney"
0.223161458969116,0.0411884933710098,"Kidney"
0.220609590411186,0.0412280708551407,"Kidney"
0.215246647596359,0.0423575788736343,"Kidney"
0.214689254760742,0.0427659936249256,"Kidney"
0.212389379739761,0.0469268038868904,"Kidney"
0.21016950905323,0.0469432324171066,"Kidney"
0.210023865103722,0.0480769239366055,"Kidney"
0.209944754838943,0.0484429039061069,"Kidney"
0.206549108028412,0.0503767468035221,"Kidney"
0.204316541552544,0.0555041581392288,"Kidney"
0.201030924916267,0.0569815151393414,"Kidney"
0.199074074625969,0.0620708540081978,"Kidney"
0.198347106575966,0.0644283145666122,"Kidney"
0.198270902037621,0.0669603571295738,"Kidney"
0.193348810076714,0.0684188604354858,"Kidney"
0.191082805395126,0.068584717810154,"Kidney"
0.190082639455795,0.0773684233427048,"Kidney"
0.187793433666229,0.0780669152736664,"Kidney"
0.186335399746895,0.0863228738307953,"Kidney"
0.181926995515823,0.09529148042202,"Kidney"
0.179954439401627,0.0957178920507431,"Kidney"
0.178743943572044,0.0985452830791473,"Kidney"
0.17585301399231,0.101914763450623,"Kidney"
0.174436092376709,0.103143416345119,"Kidney"
0.173333331942558,0.105764143168926,"Kidney"
0.172088146209717,0.107142858207226,"Kidney"
0.172084137797356,0.108024686574936,"Kidney"
0.169265016913414,0.113994434475899,"Kidney"
0.167192429304123,0.114817693829536,"Kidney"
0.165694281458855,0.123195379972458,"Kidney"
0.16556915640831,0.129452303051949,"Kidney"
0.164383575320244,0.135483875870705,"Kidney"
0.164116814732552,0.13650307059288,"Kidney"
0.163366332650185,0.143744453787804,"Kidney"
0.162921354174614,0.153448268771172,"Kidney"
0.161550894379616,0.15680880844593,"Kidney"
0.15954415500164,0.156892612576485,"Kidney"
0.159010604023933,0.158134251832962,"Kidney"
0.15861214697361,0.161550894379616,"Kidney"
0.158134251832962,0.167192429304123,"Kidney"
0.156892612576485,0.172088146209717,"Kidney"
0.15680880844593,0.173333331942558,"Kidney"
0.153448268771172,0.17585301399231,"Kidney"
0.152803465723991,0.181926995515823,"Kidney"
0.151848152279854,0.186335399746895,"Kidney"
0.151447653770447,0.190082639455795,"Kidney"
0.15089163184166,0.193348810076714,"Kidney"
0.144578322768211,0.198347106575966,"Kidney"
0.143744453787804,0.209944754838943,"Kidney"
0.141804784536362,0.214689254760742,"Kidney"
0.141666665673256,0.220609590411186,"Kidney"
0.141119226813316,0.239053249359131,"Kidney"
0.140786737203598,0.266304343938828,"Kidney"
0.137288138270378,0.28035044670105,"Kidney"
0.137065634131432,0.30209481716156,"Kidney"
0.13650307059288,0.31318137049675,"Kidney"
0.135714292526245,0.33186811208725,"Kidney"
0.135483875870705,0.336016088724136,"Kidney"
0.133848130702972,0.343225806951523,"Kidney"
0.133466139435768,0.353398054838181,"Kidney"
0.129452303051949,0.363021403551102,"Kidney"
0.129032254219055,0.364640891551971,"Kidney"
0.128272250294685,0.381260097026825,"Kidney"
0.124113485217094,0.411627918481827,"Kidney"
0.123595505952835,0.461893767118454,"Kidney"
0.123195379972458,0.464534044265747,"Kidney"
0.119536124169827,0.476923108100891,"Kidney"
0.119047626852989,0.504298031330109,"Kidney"
0.11825192719698,0.508422672748566,"Kidney"
0.0625,0.0115532735362649,"Liver"
0.554699540138245,0.042877558618784,"Liver"
0.477905094623566,0.0462776683270931,"Liver"
0.370672106742859,0.0489795878529549,"Liver"
0.313691526651382,0.0726755931973457,"Liver"
0.307561606168747,0.0769434869289398,"Liver"
0.280303031206131,0.0805467441678047,"Liver"
0.236472934484482,0.103389829397202,"Liver"
0.22842638194561,0.116438359022141,"Liver"
0.226685807108879,0.1756272315979,"Liver"
0.226299688220024,0.307561606168747,"Liver"
0.224422454833984,0.554699540138245,"Liver"
0.795454621315002,0.0184714216738939,"Liver"
0.794871807098389,0.0305247753858566,"Liver"
0.776998579502106,0.0790436714887619,"Liver"
0.767650842666626,0.0814479663968086,"Liver"
0.763127148151398,0.0961693003773689,"Liver"
0.741190850734711,0.200922265648842,"Liver"
0.735930740833282,0.216824635863304,"Liver"
0.732846736907959,0.237665474414825,"Liver"
0.718078434467316,0.302119463682175,"Liver"
0.716339886188507,0.333762347698212,"Liver"
0.709424078464508,0.352883189916611,"Liver"
0.706027030944824,0.547304153442383,"Liver"
0.340740740299225,0.00822530221194029,"Liver"
0.320284694433212,0.0102863507345319,"Liver"
0.319444447755814,0.0653594732284546,"Liver"
0.27118644118309,0.320284694433212,"Liver"
0.104627773165703,0.00615739868953824,"Liver"
0.100000001490116,0.0541237108409405,"Liver"
0.0955631360411644,0.0645161271095276,"Liver"
0.369230777025223,0.00258765672333539,"Lung"
0.34375,0.0091623030602932,"Lung"
0.32432433962822,0.0105212824419141,"Lung"
0.320987671613693,0.0157618205994368,"Lung"
0.319999992847443,0.0166964810341597,"Lung"
0.276595741510391,0.0170357748866081,"Lung"
0.260869562625885,0.0204081628471613,"Lung"
0.247619032859802,0.0215550418943167,"Lung"
0.243902444839478,0.0283687934279442,"Lung"
0.242424249649048,0.0391608364880085,"Lung"
0.240000009536743,0.0392706878483295,"Lung"
0.238805964589119,0.0594479851424694,"Lung"
0.235294118523598,0.060606062412262,"Lung"
0.235294118523598,0.0746666640043259,"Lung"
0.222222223877907,0.0812499970197678,"Lung"
0.222222223877907,0.0843373537063599,"Lung"
0.222222223877907,0.08588957041502,"Lung"
0.214876025915146,0.13397128880024,"Lung"
0.210526317358017,0.145454540848732,"Lung"
0.204379558563232,0.169934645295143,"Lung"
0.201834857463837,0.193103462457657,"Lung"
0.15384615957737,0.000658234930597246,"Lung"
0.0971659868955612,0.000693914305884391,"Lung"
0.0803571417927742,0.000862812798004597,"Lung"
0.0799999982118607,0.000870321993716061,"Lung"
0.0707395449280739,0.0011268398957327,"Lung"
0.0689655169844627,0.00118150934576988,"Lung"
0.0591715984046459,0.0012062726309523,"Lung"
0.0547945201396942,0.00135904189664871,"Lung"
0.0540540553629398,0.00138536130543798,"Lung"
0.0540540553629398,0.00143554410897195,"Lung"
0.0530303008854389,0.0014751679264009,"Lung"
0.050704225897789,0.00209885626100004,"Lung"
0.0465116277337074,0.0028454561252147,"Lung"
0.0447284318506718,0.00393700785934925,"Lung"
0.0434782616794109,0.0040629762224853,"Lung"
0.0411522649228573,0.00410547945648432,"Lung"
0.0408805049955845,0.00529801333323121,"Lung"
0.0392156876623631,0.00581395346671343,"Lung"
0.0392156876623631,0.00700525380671024,"Lung"
0.0389610417187214,0.00981132034212351,"Lung"
0.0364372506737709,0.0105170896276832,"Lung"
0.0350877195596695,0.0128956623375416,"Lung"
0.0342857167124748,0.0364372506737709,"Lung"
0.030303031206131,0.0408805049955845,"Lung"
0.030303031206131,0.0971659868955612,"Lung"
0.0298507455736399,0.15384615957737,"Lung"
0.259259283542633,0.00330851948820055,"Lung"
0.151933699846268,0.0489938743412495,"Lung"
0.409677416086197,0.0110137667506933,"Lung"
0.383883625268936,0.0127388536930084,"Lung"
0.372108638286591,0.0166495610028505,"Lung"
0.354199677705765,0.0193992499262094,"Lung"
0.342522412538528,0.0199747458100319,"Lung"
0.318646222352982,0.0211502239108086,"Lung"
0.304746061563492,0.0212784968316555,"Lung"
0.301153600215912,0.0214938204735518,"Lung"
0.291982442140579,0.0225202850997448,"Lung"
0.266492158174515,0.0249134954065084,"Lung"
0.257508933544159,0.0249638669192791,"Lung"
0.249258160591125,0.0262948907911777,"Lung"
0.247764527797699,0.0274785328656435,"Lung"
0.247058838605881,0.0290678609162569,"Lung"
0.24649478495121,0.0291545204818249,"Lung"
0.241702750325203,0.0305274315178394,"Lung"
0.241188958287239,0.0308566000312567,"Lung"
0.237213402986526,0.0316127091646194,"Lung"
0.235971227288246,0.0327182039618492,"Lung"
0.235760271549225,0.0328421071171761,"Lung"
0.234919190406799,0.0330188684165478,"Lung"
0.233009696006775,0.0336860157549381,"Lung"
0.232989132404327,0.0351265035569668,"Lung"
0.223874732851982,0.0369588620960712,"Lung"
0.223492056131363,0.0373394005000591,"Lung"
0.222133100032806,0.0377166159451008,"Lung"
0.221099898219109,0.0380885228514671,"Lung"
0.219812005758286,0.0413754545152187,"Lung"
0.213259160518646,0.0414279922842979,"Lung"
0.208640664815903,0.041808795183897,"Lung"
0.208325102925301,0.0418469496071339,"Lung"
0.20770737528801,0.042478870600462,"Lung"
0.207026347517967,0.0438820645213127,"Lung"
0.204592883586884,0.0439910739660263,"Lung"
0.202038645744324,0.0460028052330017,"Lung"
0.201802849769592,0.0460929460823536,"Lung"
0.201397180557251,0.0507013686001301,"Lung"
0.198573127388954,0.0519562996923923,"Lung"
0.198367357254028,0.0527119152247906,"Lung"
0.196520924568176,0.0532487332820892,"Lung"
0.192985713481903,0.0535536147654057,"Lung"
0.190419152379036,0.0535585694015026,"Lung"
0.187207490205765,0.0535833276808262,"Lung"
0.183677062392235,0.0542838461697102,"Lung"
0.183518692851067,0.0562273822724819,"Lung"
0.18288990855217,0.0582270957529545,"Lung"
0.181512609124184,0.0582407675683498,"Lung"
0.180704057216644,0.0583767928183079,"Lung"
0.178025603294373,0.0587977208197117,"Lung"
0.176029965281487,0.0621821731328964,"Lung"
0.173688724637032,0.0629579424858093,"Lung"
0.172846093773842,0.0653581768274307,"Lung"
0.170803532004356,0.0654373541474342,"Lung"
0.170748963952065,0.0658753216266632,"Lung"
0.169505789875984,0.0665938854217529,"Lung"
0.168774053454399,0.0672074183821678,"Lung"
0.168618276715279,0.0685664638876915,"Lung"
0.16582915186882,0.0697507485747337,"Lung"
0.163574516773224,0.0731002911925316,"Lung"
0.163055151700974,0.0746991708874702,"Lung"
0.163013264536858,0.0759061798453331,"Lung"
0.160849779844284,0.0765355080366135,"Lung"
0.159581422805786,0.0767669528722763,"Lung"
0.159517139196396,0.0772708505392075,"Lung"
0.159159913659096,0.0780856385827065,"Lung"
0.158097684383392,0.078563004732132,"Lung"
0.157828509807587,0.0791996642947197,"Lung"
0.157070115208626,0.0795610472559929,"Lung"
0.15665091574192,0.0807181596755981,"Lung"
0.155733838677406,0.0821386426687241,"Lung"
0.155192255973816,0.0833459198474884,"Lung"
0.154837042093277,0.0862295106053352,"Lung"
0.154217645525932,0.0864100530743599,"Lung"
0.154168725013733,0.086541086435318,"Lung"
0.15381084382534,0.0867950841784477,"Lung"
0.153469890356064,0.0873033776879311,"Lung"
0.152293860912323,0.0878742635250092,"Lung"
0.152280300855637,0.0909225940704346,"Lung"
0.15148563683033,0.0933962240815163,"Lung"
0.151176765561104,0.0999315530061722,"Lung"
0.150530502200127,0.100583352148533,"Lung"
0.15006822347641,0.101132370531559,"Lung"
0.149225890636444,0.106236882507801,"Lung"
0.148318737745285,0.106408707797527,"Lung"
0.147523701190948,0.107444740831852,"Lung"
0.14644068479538,0.109080918133259,"Lung"
0.146347358822823,0.109333872795105,"Lung"
0.145309388637543,0.110422030091286,"Lung"
0.145025297999382,0.112439133226871,"Lung"
0.144189983606339,0.113389626145363,"Lung"
0.143435373902321,0.115919627249241,"Lung"
0.142522946000099,0.116571627557278,"Lung"
0.137869298458099,0.117594562470913,"Lung"
0.137856751680374,0.118374556303024,"Lung"
0.137844622135162,0.11916895955801,"Lung"
0.136968076229095,0.122703701257706,"Lung"
0.136939987540245,0.123805575072765,"Lung"
0.136554628610611,0.12742668390274,"Lung"
0.136395826935768,0.12987257540226,"Lung"
0.135593220591545,0.132422313094139,"Lung"
0.134724855422974,0.133030652999878,"Lung"
0.133913859724998,0.133836805820465,"Lung"
0.133836805820465,0.133913859724998,"Lung"
0.133030652999878,0.136395826935768,"Lung"
0.132422313094139,0.137856751680374,"Lung"
0.132372811436653,0.143435373902321,"Lung"
0.132093027234077,0.146347358822823,"Lung"
0.130363032221794,0.147523701190948,"Lung"
0.12987257540226,0.149225890636444,"Lung"
0.129208073019981,0.15006822347641,"Lung"
0.128153085708618,0.153469890356064,"Lung"
0.128121614456177,0.15381084382534,"Lung"
0.127492129802704,0.159159913659096,"Lung"
0.12742668390274,0.159517139196396,"Lung"
0.124876886606216,0.159581422805786,"Lung"
0.123805575072765,0.160849779844284,"Lung"
0.123421721160412,0.163013264536858,"Lung"
0.122703701257706,0.170748963952065,"Lung"
0.121777780354023,0.178025603294373,"Lung"
0.121522091329098,0.180704057216644,"Lung"
0.121190518140793,0.18288990855217,"Lung"
0.121033541858196,0.183677062392235,"Lung"
0.120932757854462,0.192985713481903,"Lung"
0.12082551419735,0.196520924568176,"Lung"
0.120695099234581,0.198367357254028,"Lung"
0.119318172335625,0.198573127388954,"Lung"
0.11916895955801,0.201397180557251,"Lung"
0.118514619767666,0.20770737528801,"Lung"
0.118374556303024,0.208325102925301,"Lung"
0.117647059261799,0.208640664815903,"Lung"
0.117594562470913,0.213259160518646,"Lung"
0.117307685315609,0.223492056131363,"Lung"
0.117125526070595,0.237213402986526,"Lung"
0.116571627557278,0.241188958287239,"Lung"
0.115919627249241,0.24649478495121,"Lung"
0.115530297160149,0.247764527797699,"Lung"
0.115052729845047,0.257508933544159,"Lung"
0.11428078263998,0.266492158174515,"Lung"
0.114049583673477,0.318646222352982,"Lung"
0.200000002980232,0.000106712199340109,"Lung"
0.200000002980232,0.000136035916511901,"Lung"
0.144927531480789,0.000175978886545636,"Lung"
0.140845075249672,0.00017966223822441,"Lung"
0.137931033968925,0.000195848027942702,"Lung"
0.134831458330154,0.000202716400963254,"Lung"
0.133333340287209,0.000202922077733092,"Lung"
0.129032254219055,0.000203998366487212,"Lung"
0.127659574151039,0.000209030098631047,"Lung"
0.126315787434578,0.000216146116144955,"Lung"
0.125,0.000217746332054958,"Lung"
0.120689660310745,0.000239148634136654,"Lung"
0.11965811252594,0.000244200258748606,"Lung"
0.119402982294559,0.000247096613747999,"Lung"
0.117647059261799,0.000262708519585431,"Lung"
0.106060601770878,0.000263417838141322,"Lung"
0.105263158679008,0.000263504625763744,"Lung"
0.101694919168949,0.000263713067397475,"Lung"
0.100000001490116,0.00026680895825848,"Lung"
0.100000001490116,0.000273785088211298,"Lung"
0.100000001490116,0.000281343411188573,"Lung"
0.100000001490116,0.00029638412524946,"Lung"
0.0975609719753265,0.000303122156765312,"Lung"
0.0972222164273262,0.00030399757088162,"Lung"
0.095238097012043,0.000307329813949764,"Lung"
0.0945945903658867,0.000310655479552224,"Lung"
0.0941176488995552,0.000312989053782076,"Lung"
0.0941176488995552,0.000328551075654104,"Lung"
0.0930232554674149,0.000346820830600336,"Lung"
0.0923076942563057,0.000351914437487721,"Lung"
0.0884955823421478,0.000353857030859217,"Lung"
0.0869565233588219,0.000357270444510505,"Lung"
0.08588957041502,0.000372508860891685,"Lung"
0.0851063802838326,0.000375957519281656,"Lung"
0.0840336158871651,0.000382701866328716,"Lung"
0.0821917802095413,0.000393004505895078,"Lung"
0.0799999982118607,0.000393571681343019,"Lung"
0.0799999982118607,0.000401015888201073,"Lung"
0.0789473652839661,0.000402982055675238,"Lung"
0.0784313753247261,0.000404503458412364,"Lung"
0.0779220834374428,0.000406091363402084,"Lung"
0.0769230797886848,0.000423370016505942,"Lung"
0.0769230797886848,0.000439270806964487,"Lung"
0.0760869532823563,0.000444444449385628,"Lung"
0.0759493634104729,0.000448430480901152,"Lung"
0.0740740746259689,0.000452611595392227,"Lung"
0.0720720738172531,0.000453806307632476,"Lung"
0.0714285746216774,0.000465766177512705,"Lung"
0.0714285746216774,0.000477213063277304,"Lung"
0.0697674453258514,0.000493339903187007,"Lung"
0.0694444477558136,0.00049763621063903,"Lung"
0.0693641602993011,0.00051559682469815,"Lung"
0.0673076882958412,0.00052095390856266,"Lung"
0.0670391023159027,0.000521862297318876,"Lung"
0.0661156997084618,0.000522856309544295,"Lung"
0.0655737668275833,0.000529941695276648,"Lung"
0.0638297870755196,0.000531867728568614,"Lung"
0.0636942684650421,0.000532765057869256,"Lung"
0.0636363625526428,0.000536336796358228,"Lung"
0.0625,0.000548226817045361,"Lung"
0.0625,0.000550055003259331,"Lung"
0.0615384615957737,0.000550357741303742,"Lung"
0.060606062412262,0.000551318575162441,"Lung"
0.0603015124797821,0.000565291149541736,"Lung"
0.0588235296308994,0.000570636650081724,"Lung"
0.0588235296308994,0.000580012740101665,"Lung"
0.058333333581686,0.000580888765398413,"Lung"
0.0576923117041588,0.000607401656452566,"Lung"
0.0574162714183331,0.000654236180707812,"Lung"
0.0571428574621677,0.000662470993120223,"Lung"
0.0568720363080502,0.000663349928800017,"Lung"
0.0555555559694767,0.000664176011923701,"Lung"
0.0547945201396942,0.000684345606714487,"Lung"
0.0534759387373924,0.000687206513248384,"Lung"
0.0512820519506931,0.000697245879564434,"Lung"
0.0508474595844746,0.000698080286383629,"Lung"
0.0507936514914036,0.000698263058438897,"Lung"
0.0507614240050316,0.00070256442995742,"Lung"
0.0507614240050316,0.000718132825568318,"Lung"
0.0506329126656055,0.000720590876881033,"Lung"
0.0500000007450581,0.000730905099771917,"Lung"
0.0500000007450581,0.000758552632760257,"Lung"
0.0496894419193268,0.00076429225737229,"Lung"
0.0496894419193268,0.000769230769947171,"Lung"
0.0487804859876633,0.000773574633058161,"Lung"
0.0479999966919422,0.000781453505624086,"Lung"
0.0470588244497776,0.000824685557745397,"Lung"
0.0465116277337074,0.000827061478048563,"Lung"
0.0454545468091965,0.000829924712888896,"Lung"
0.0454545468091965,0.000838310807012022,"Lung"
0.0453257784247398,0.000848536263220012,"Lung"
0.0451127849519253,0.00084997876547277,"Lung"
0.0447761192917824,0.000857387785799801,"Lung"
0.0446096658706665,0.000861821288708597,"Lung"
0.0434782616794109,0.000863371475134045,"Lung"
0.0432098768651485,0.00086555106099695,"Lung"
0.0430107526481152,0.000866476038936526,"Lung"
0.0429184548556805,0.000867114693392068,"Lung"
0.0428134575486183,0.000867365393787622,"Lung"
0.0425531901419163,0.000868206261657178,"Lung"
0.0425531901419163,0.000880572362802923,"Lung"
0.0421940945088863,0.000881057290825993,"Lung"
0.0414507761597633,0.00088222319027409,"Lung"
0.0414201207458973,0.000885739573277533,"Lung"
0.0412371121346951,0.000887180271092802,"Lung"
0.0411522649228573,0.000900360173545778,"Lung"
0.0408163256943226,0.000906207540538162,"Lung"
0.0401146113872528,0.000955464725848287,"Lung"
0.0397351011633873,0.000958007294684649,"Lung"
0.039473682641983,0.000967305037193,"Lung"
0.0394088663160801,0.000969461922068149,"Lung"
0.0392156876623631,0.000971345289144665,"Lung"
0.0392156876623631,0.000974777620285749,"Lung"
0.0384615398943424,0.000990466796793044,"Lung"
0.0383141748607159,0.000991817563772202,"Lung"
0.0382165610790253,0.000998103525489569,"Lung"
0.0377358496189117,0.00100806448608637,"Lung"
0.0377358496189117,0.00101428444031626,"Lung"
0.0375000014901161,0.00102210300974548,"Lung"
0.0373831763863564,0.00103225803468376,"Lung"
0.0369230769574642,0.00104411377105862,"Lung"
0.0368098169565201,0.00105042022187263,"Lung"
0.036363635212183,0.00105281628202647,"Lung"
0.0361990965902805,0.00105516146868467,"Lung"
0.0357142873108387,0.00110334681812674,"Lung"
0.0352941155433655,0.00112781953066587,"Lung"
0.0351906158030033,0.00114155246410519,"Lung"
0.0350877195596695,0.00114351056981832,"Lung"
0.0349344983696938,0.00115406804252416,"Lung"
0.0344827584922314,0.0011555349919945,"Lung"
0.0344827584922314,0.00117027503438294,"Lung"
0.0337078645825386,0.00117070320993662,"Lung"
0.0324324332177639,0.00117508810944855,"Lung"
0.0323886647820473,0.00117554853204638,"Lung"
0.0317460335791111,0.0011766436509788,"Lung"
0.0310880858451128,0.00118483416736126,"Lung"
0.0307692307978868,0.00118764850776643,"Lung"
0.030303031206131,0.00120322464499623,"Lung"
0.030303031206131,0.00120373151730746,"Lung"
0.030303031206131,0.00122025620657951,"Lung"
0.030303031206131,0.00122492725495249,"Lung"
0.0301507525146008,0.0012315270723775,"Lung"
0.0300751887261868,0.00124792021233588,"Lung"
0.0300751887261868,0.0012894906103611,"Lung"
0.0296735893934965,0.00131181941833347,"Lung"
0.0296296291053295,0.00132122216746211,"Lung"
0.0294117648154497,0.00134811270982027,"Lung"
0.028985507786274,0.00136456673499197,"Lung"
0.028901731595397,0.00137741048820317,"Lung"
0.0281690135598183,0.00137783226091415,"Lung"
0.0281030461192131,0.00138696259818971,"Lung"
0.0279720276594162,0.00138946785591543,"Lung"
0.0275862067937851,0.00141821627039462,"Lung"
0.0270793046802282,0.00144487782381475,"Lung"
0.0270270276814699,0.00144487782381475,"Lung"
0.0270270276814699,0.00144861929584295,"Lung"
0.0269662924110889,0.00145322433672845,"Lung"
0.0263653490692377,0.00145595730282366,"Lung"
0.0262467171996832,0.00147188687697053,"Lung"
0.0259740259498358,0.00147907109931111,"Lung"
0.0258899684995413,0.0014894250780344,"Lung"
0.0257510729134083,0.00156985875219107,"Lung"
0.0256410259753466,0.00157232698984444,"Lung"
0.0253164563328028,0.00158919347450137,"Lung"
0.0251046027988195,0.00159090897068381,"Lung"
0.0246913582086563,0.00159489631187171,"Lung"
0.02453987672925,0.00162205996457487,"Lung"
0.0244648326188326,0.00163309753406793,"Lung"
0.0242424234747887,0.00165398605167866,"Lung"
0.024193549528718,0.00167504185810685,"Lung"
0.0240963846445084,0.00167978997342288,"Lung"
0.0240480974316597,0.00169859395828098,"Lung"
0.0239520967006683,0.00171673821751028,"Lung"
0.0236686393618584,0.00173197663389146,"Lung"
0.0235294122248888,0.00178372347727418,"Lung"
0.0231213867664337,0.00181159423664212,"Lung"
0.0231213867664337,0.00186003255657852,"Lung"
0.0227272734045982,0.00189240323379636,"Lung"
0.0222222227603197,0.00192655029240996,"Lung"
0.0221238937228918,0.00195982353761792,"Lung"
0.0220588240772486,0.00199004984460771,"Lung"
0.0219780225306749,0.00201816344633698,"Lung"
0.0219178088009357,0.00204760674387217,"Lung"
0.0216216221451759,0.00208029965870082,"Lung"
0.0215053763240576,0.0020948676392436,"Lung"
0.0212765950709581,0.00218197703361511,"Lung"
0.0212765950709581,0.00219870824366808,"Lung"
0.0212014131247997,0.00221631210297346,"Lung"
0.0209424085915089,0.00223964173346758,"Lung"
0.020833333954215,0.00230946880765259,"Lung"
0.0206718351691961,0.00246761250309646,"Lung"
0.0206185560673475,0.00249376567080617,"Lung"
0.0204778164625168,0.00250626564957201,"Lung"
0.0202702712267637,0.00254668947309256,"Lung"
0.0202020201832056,0.00258564972318709,"Lung"
0.0201342273503542,0.00272553833201528,"Lung"
0.0200668908655643,0.00277104252018034,"Lung"
0.0199999995529652,0.00292825768701732,"Lung"
0.0198300294578075,0.00298062595538795,"Lung"
0.0198019798845053,0.0029905301053077,"Lung"
0.0197530873119831,0.00308166421018541,"Lung"
0.0196850374341011,0.00309358071535826,"Lung"
0.0196078438311815,0.003757044672966,"Lung"
0.0194174759089947,0.00378071842715144,"Lung"
0.0192307699471712,0.00381315546110272,"Lung"
0.0191204585134983,0.00382409174926579,"Lung"
0.0187793429940939,0.00390625,"Lung"
0.0187793429940939,0.00391006842255592,"Lung"
0.0186335407197475,0.00417246157303452,"Lung"
0.0185185186564922,0.00431034481152892,"Lung"
0.0185185186564922,0.00458926148712635,"Lung"
0.0183486230671406,0.0047449585981667,"Lung"
0.0183486230671406,0.00489296624436975,"Lung"
0.0181818176060915,0.00562429754063487,"Lung"
0.0181818176060915,0.00566114066168666,"Lung"
0.0181543119251728,0.00578034669160843,"Lung"
0.0178571436554193,0.00584795325994492,"Lung"
0.0176991149783134,0.0058823530562222,"Lung"
0.01757469214499,0.00613873545080423,"Lung"
0.0173482038080692,0.00662983441725373,"Lung"
0.0173053164035082,0.00684931501746178,"Lung"
0.0170940179377794,0.00731528922915459,"Lung"
0.0170212760567665,0.00735294120386243,"Lung"
0.0169014073908329,0.00769230769947171,"Lung"
0.016887815669179,0.0081632649526,"Lung"
0.0168539322912693,0.0101010100916028,"Lung"
0.016806723549962,0.0169014073908329,"Lung"
0.016806723549962,0.0253164563328028,"Lung"
0.0166898462921381,0.0411522649228573,"Lung"
0.0165837462991476,0.0507936514914036,"Lung"
0.0165289249271154,0.0512820519506931,"Lung"
0.0165289249271154,0.0636363625526428,"Lung"
0.22662889957428,0.00339750829152763,"Lung"
0.134228184819221,0.00639134738594294,"Lung"
0.124161072075367,0.0164835155010223,"Lung"
0.118721462786198,0.0174672491848469,"Lung"
0.117283955216408,0.0245319567620754,"Lung"
0.109489053487778,0.0909886211156845,"Lung"
0.0710059180855751,0.00138360424898565,"Lung"
0.0647058859467506,0.00979743152856827,"Lung"
0.0625,0.0148226572200656,"Lung"
0.0555555559694767,0.016287425532937,"Lung"
0.0504201650619507,0.0193459242582321,"Lung"
0.0454545468091965,0.0212765950709581,"Lung"
0.0443740114569664,0.0295969769358635,"Lung"
0.0433734953403473,0.0317460335791111,"Lung"
0.0428176820278168,0.0380952395498753,"Lung"
0.683836579322815,0.0055013750679791,"Mammary"
0.643553614616394,0.0538139976561069,"Mammary"
0.617811739444733,0.120542921125889,"Mammary"
0.616926491260529,0.181857988238335,"Mammary"
0.616500437259674,0.199261412024498,"Mammary"
0.59528911113739,0.204285949468613,"Mammary"
0.580095767974854,0.263882994651794,"Mammary"
0.593354463577271,0.0378901027143002,"Mammary"
0.517382383346558,0.0573179833590984,"Mammary"
0.614035129547119,0.00607697479426861,"Marrow"
0.598551034927368,0.00724637694656849,"Marrow"
0.569510698318481,0.0192210432142019,"Marrow"
0.559197843074799,0.0895359441637993,"Marrow"
0.555102050304413,0.14279679954052,"Marrow"
0.549943506717682,0.168271780014038,"Marrow"
0.531509160995483,0.188604637980461,"Marrow"
0.531068980693817,0.389365613460541,"Marrow"
0.506357073783875,0.549943506717682,"Marrow"
0.489287078380585,0.559197843074799,"Marrow"
0.513126492500305,0.00444808602333069,"Marrow"
0.476799964904785,0.080501951277256,"Marrow"
0.719668745994568,0.00106496270745993,"Marrow"
0.652198135852814,0.00113074202090502,"Marrow"
0.631743550300598,0.00137268356047571,"Marrow"
0.594677269458771,0.00160578079521656,"Marrow"
0.585966765880585,0.00164293532725424,"Marrow"
0.550106585025787,0.00164744642097503,"Marrow"
0.550023257732391,0.00193610845599324,"Marrow"
0.547071099281311,0.00197498360648751,"Marrow"
0.544230759143829,0.00211453740485013,"Marrow"
0.542025864124298,0.00237670820206404,"Marrow"
0.531840443611145,0.00241691851988435,"Marrow"
0.52859354019165,0.00243605370633304,"Marrow"
0.515835285186768,0.00260247243568301,"Marrow"
0.509861946105957,0.00261506251990795,"Marrow"
0.50454044342041,0.00300018745474517,"Marrow"
0.487755596637726,0.00310866185463965,"Marrow"
0.474256008863449,0.00313185108825564,"Marrow"
0.464360892772675,0.00318471342325211,"Marrow"
0.463409632444382,0.00335758249275386,"Marrow"
0.449722915887833,0.00356448488309979,"Marrow"
0.441485941410065,0.0036338223144412,"Marrow"
0.439405798912048,0.00368098122999072,"Marrow"
0.433930575847626,0.00369117199443281,"Marrow"
0.431153327226639,0.0036919831763953,"Marrow"
0.427564263343811,0.00369525048881769,"Marrow"
0.427459597587585,0.00371440360322595,"Marrow"
0.42729851603508,0.00373273575678468,"Marrow"
0.423619389533997,0.0037537538446486,"Marrow"
0.419773787260056,0.00394866755232215,"Marrow"
0.418842226266861,0.0040586949326098,"Marrow"
0.414457827806473,0.0040705562569201,"Marrow"
0.414253115653992,0.00421881629154086,"Marrow"
0.413880109786987,0.00429045036435127,"Marrow"
0.413559347391129,0.00432152114808559,"Marrow"
0.413379609584808,0.00455062557011843,"Marrow"
0.411733061075211,0.00468384055420756,"Marrow"
0.408034294843674,0.00472454214468598,"Marrow"
0.403158754110336,0.00481637567281723,"Marrow"
0.401495665311813,0.00489236786961555,"Marrow"
0.39243495464325,0.00497010163962841,"Marrow"
0.391604363918304,0.00503235077485442,"Marrow"
0.389751881361008,0.00534147256985307,"Marrow"
0.384574770927429,0.00534759368747473,"Marrow"
0.383566826581955,0.00535257160663605,"Marrow"
0.382122904062271,0.00540540553629398,"Marrow"
0.381468415260315,0.00552893476560712,"Marrow"
0.380096763372421,0.00555170001462102,"Marrow"
0.378057330846786,0.00564468232914805,"Marrow"
0.377719432115555,0.00572030758485198,"Marrow"
0.372445106506348,0.00579920271411538,"Marrow"
0.371584713459015,0.00586510263383389,"Marrow"
0.370406180620193,0.0059945504181087,"Marrow"
0.369899660348892,0.00622200081124902,"Marrow"
0.369615525007248,0.00630252063274384,"Marrow"
0.36642786860466,0.0063391444273293,"Marrow"
0.358885854482651,0.0064829820767045,"Marrow"
0.356718629598618,0.00657767429947853,"Marrow"
0.355715304613113,0.00701207621023059,"Marrow"
0.350475639104843,0.00712060509249568,"Marrow"
0.346693396568298,0.00723763555288315,"Marrow"
0.346561878919601,0.00729927001520991,"Marrow"
0.344842255115509,0.007416564039886,"Marrow"
0.344456404447556,0.00744878966361284,"Marrow"
0.344131708145142,0.00753295654430985,"Marrow"
0.342518657445908,0.00770142115652561,"Marrow"
0.341310322284698,0.00776071101427078,"Marrow"
0.341167777776718,0.00779220787808299,"Marrow"
0.340080976486206,0.00792602356523275,"Marrow"
0.338730841875076,0.00794223882257938,"Marrow"
0.338156878948212,0.00799543131142855,"Marrow"
0.337197870016098,0.0081242872402072,"Marrow"
0.336322098970413,0.0081455335021019,"Marrow"
0.333333343267441,0.00816534832119942,"Marrow"
0.327868849039078,0.00856854766607285,"Marrow"
0.325105041265488,0.00857908837497234,"Marrow"
0.32432433962822,0.00893655046820641,"Marrow"
0.324070960283279,0.00909977219998837,"Marrow"
0.323292106389999,0.00916730333119631,"Marrow"
0.322697162628174,0.00926168635487556,"Marrow"
0.32084533572197,0.0093211755156517,"Marrow"
0.32045778632164,0.00935516133904457,"Marrow"
0.320048063993454,0.00939624197781086,"Marrow"
0.319408059120178,0.00973731931298971,"Marrow"
0.318240642547607,0.00986547023057938,"Marrow"
0.317880809307098,0.00996498856693506,"Marrow"
0.316318780183792,0.0099650165066123,"Marrow"
0.315789461135864,0.00999444723129272,"Marrow"
0.315283566713333,0.0100166946649551,"Marrow"
0.312567293643951,0.0101268701255322,"Marrow"
0.309470117092133,0.0102836880832911,"Marrow"
0.307469189167023,0.0104261105880141,"Marrow"
0.307044744491577,0.010493827983737,"Marrow"
0.306361317634583,0.0106761557981372,"Marrow"
0.305526047945023,0.0107084009796381,"Marrow"
0.304956138134003,0.0109552443027496,"Marrow"
0.304557651281357,0.0110051352530718,"Marrow"
0.303999990224838,0.0110382176935673,"Marrow"
0.303692162036896,0.0112505415454507,"Marrow"
0.302222222089767,0.0113607021048665,"Marrow"
0.299021512269974,0.0113851986825466,"Marrow"
0.29686975479126,0.0114257941022515,"Marrow"
0.296118170022964,0.0115079367533326,"Marrow"
0.296070218086243,0.0116379847750068,"Marrow"
0.295625925064087,0.011672243475914,"Marrow"
0.295213907957077,0.0119760483503342,"Marrow"
0.294314354658127,0.0121373031288385,"Marrow"
0.294016361236572,0.0121642164885998,"Marrow"
0.293791592121124,0.0122324163094163,"Marrow"
0.290452271699905,0.012339586392045,"Marrow"
0.288381218910217,0.0125089352950454,"Marrow"
0.283755272626877,0.0125933522358537,"Marrow"
0.283149182796478,0.0128076346591115,"Marrow"
0.281661599874496,0.0128224696964025,"Marrow"
0.281606167554855,0.01290322560817,"Marrow"
0.281192928552628,0.0129784438759089,"Marrow"
0.281075417995453,0.013293051160872,"Marrow"
0.281071186065674,0.0136219896376133,"Marrow"
0.279275625944138,0.013647124171257,"Marrow"
0.276937186717987,0.0138979367911816,"Marrow"
0.27672603726387,0.0140670258551836,"Marrow"
0.276679873466492,0.0144219594076276,"Marrow"
0.276414096355438,0.0146373910829425,"Marrow"
0.27604952454567,0.0147518999874592,"Marrow"
0.275890797376633,0.0147783253341913,"Marrow"
0.274257719516754,0.0149298310279846,"Marrow"
0.273835569620132,0.0150998188182712,"Marrow"
0.273295164108276,0.0151761509478092,"Marrow"
0.273224025964737,0.0155884642153978,"Marrow"
0.273204892873764,0.015840170904994,"Marrow"
0.27306866645813,0.0162822250276804,"Marrow"
0.272763401269913,0.0163990445435047,"Marrow"
0.272354930639267,0.0171348638832569,"Marrow"
0.272081673145294,0.0171392560005188,"Marrow"
0.271324127912521,0.0171907767653465,"Marrow"
0.27118644118309,0.0175835210829973,"Marrow"
0.271025419235229,0.0175932440906763,"Marrow"
0.270540058612823,0.0177258159965277,"Marrow"
0.270083785057068,0.0178432893007994,"Marrow"
0.270055592060089,0.0179118551313877,"Marrow"
0.269479602575302,0.0179717596620321,"Marrow"
0.269073009490967,0.0180062633007765,"Marrow"
0.268989056348801,0.0181793384253979,"Marrow"
0.268135905265808,0.0183555837720633,"Marrow"
0.268041253089905,0.0184672195464373,"Marrow"
0.267930626869202,0.0185258165001869,"Marrow"
0.267552703619003,0.0189344361424446,"Marrow"
0.266604095697403,0.0189737845212221,"Marrow"
0.266375541687012,0.0190898235887289,"Marrow"
0.266145974397659,0.0192702580243349,"Marrow"
0.265761405229568,0.0194431114941835,"Marrow"
0.264648646116257,0.0195537712424994,"Marrow"
0.264436721801758,0.0198475979268551,"Marrow"
0.264081239700317,0.0198934283107519,"Marrow"
0.263008534908295,0.020159998908639,"Marrow"
0.262499988079071,0.0206684246659279,"Marrow"
0.261565625667572,0.0207330621778965,"Marrow"
0.261519283056259,0.0207993797957897,"Marrow"
0.261153429746628,0.0209279358386993,"Marrow"
0.261094897985458,0.0210668221116066,"Marrow"
0.260028451681137,0.0211942121386528,"Marrow"
0.259772449731827,0.0212579444050789,"Marrow"
0.259593218564987,0.0219221618026495,"Marrow"
0.259272754192352,0.0222157705575228,"Marrow"
0.259102463722229,0.0223275739699602,"Marrow"
0.258175551891327,0.0224971901625395,"Marrow"
0.257763981819153,0.0225352104753256,"Marrow"
0.257246375083923,0.0227032732218504,"Marrow"
0.256726950407028,0.0227407328784466,"Marrow"
0.256193995475769,0.0230593904852867,"Marrow"
0.256090432405472,0.023317651823163,"Marrow"
0.255548506975174,0.0234651230275631,"Marrow"
0.255214720964432,0.0234702453017235,"Marrow"
0.254553437232971,0.0234888475388288,"Marrow"
0.254536151885986,0.0236294902861118,"Marrow"
0.254397839307785,0.0238290261477232,"Marrow"
0.25369456410408,0.0238802041858435,"Marrow"
0.253410279750824,0.0241902433335781,"Marrow"
0.253101736307144,0.0243482384830713,"Marrow"
0.252880364656448,0.0245931278914213,"Marrow"
0.252182334661484,0.0247756615281105,"Marrow"
0.252079010009766,0.0250778421759605,"Marrow"
0.251709133386612,0.0251382607966661,"Marrow"
0.251617282629013,0.0252118222415447,"Marrow"
0.251229912042618,0.0260804761201143,"Marrow"
0.251104563474655,0.026236517354846,"Marrow"
0.250987261533737,0.0266075395047665,"Marrow"
0.250837713479996,0.0267025679349899,"Marrow"
0.2507244348526,0.0267115086317062,"Marrow"
0.250170886516571,0.0270182304084301,"Marrow"
0.25,0.0271769482642412,"Marrow"
0.248963698744774,0.0272938441485167,"Marrow"
0.248888894915581,0.0274139530956745,"Marrow"
0.248713567852974,0.0275730919092894,"Marrow"
0.248388290405273,0.0276169255375862,"Marrow"
0.248128965497017,0.027661357074976,"Marrow"
0.247397914528847,0.0276858266443014,"Marrow"
0.247268542647362,0.027698066085577,"Marrow"
0.246863350272179,0.0282225236296654,"Marrow"
0.246608644723892,0.0285306703299284,"Marrow"
0.245820164680481,0.0286119189113379,"Marrow"
0.245756953954697,0.0286271944642067,"Marrow"
0.245511740446091,0.0287652630358934,"Marrow"
0.245024025440216,0.0288841594010592,"Marrow"
0.245018124580383,0.0291120819747448,"Marrow"
0.244454711675644,0.0297302044928074,"Marrow"
0.244250938296318,0.0298268962651491,"Marrow"
0.244025647640228,0.0299938954412937,"Marrow"
0.243964806199074,0.0301481168717146,"Marrow"
0.24384731054306,0.0301655437797308,"Marrow"
0.243776500225067,0.030457891523838,"Marrow"
0.243657350540161,0.0305921994149685,"Marrow"
0.243386253714561,0.0309467595070601,"Marrow"
0.243243247270584,0.0312328767031431,"Marrow"
0.242301002144814,0.0321627818048,"Marrow"
0.241925999522209,0.032163742929697,"Marrow"
0.24129930138588,0.0323608703911304,"Marrow"
0.240745410323143,0.0325323008000851,"Marrow"
0.240375593304634,0.0326618440449238,"Marrow"
0.240350410342216,0.0327723659574986,"Marrow"
0.24028043448925,0.0336940139532089,"Marrow"
0.240047171711922,0.0340362563729286,"Marrow"
0.239965111017227,0.0341085270047188,"Marrow"
0.239894390106201,0.034362718462944,"Marrow"
0.239757210016251,0.0343642607331276,"Marrow"
0.239744275808334,0.0344290509819984,"Marrow"
0.239474728703499,0.0344827584922314,"Marrow"
0.239353090524673,0.0349162854254246,"Marrow"
0.239168107509613,0.0351562537252903,"Marrow"
0.23869800567627,0.0352844633162022,"Marrow"
0.238132700324059,0.0356807522475719,"Marrow"
0.238095253705978,0.0357465744018555,"Marrow"
0.237690061330795,0.0357545055449009,"Marrow"
0.237623751163483,0.0357550382614136,"Marrow"
0.237330049276352,0.0359435193240643,"Marrow"
0.236650198698044,0.0360892899334431,"Marrow"
0.236619710922241,0.0365853682160378,"Marrow"
0.236521050333977,0.0367003381252289,"Marrow"
0.236367076635361,0.0367376953363419,"Marrow"
0.236255884170532,0.0368090532720089,"Marrow"
0.235688492655754,0.0369460731744766,"Marrow"
0.23565237224102,0.0370144881308079,"Marrow"
0.23558896780014,0.0373708494007587,"Marrow"
0.235475569963455,0.0374623984098434,"Marrow"
0.235255137085915,0.0375926271080971,"Marrow"
0.235122516751289,0.0376295372843742,"Marrow"
0.234968543052673,0.0376575216650963,"Marrow"
0.234700053930283,0.0376670695841312,"Marrow"
0.234682723879814,0.0379525609314442,"Marrow"
0.234573304653168,0.0379935950040817,"Marrow"
0.234449237585068,0.038212813436985,"Marrow"
0.234078228473663,0.038265623152256,"Marrow"
0.234049588441849,0.0386349000036716,"Marrow"
0.233879804611206,0.0386353023350239,"Marrow"
0.233467504382133,0.038674034178257,"Marrow"
0.233256623148918,0.0387141369283199,"Marrow"
0.233014538884163,0.0389779135584831,"Marrow"
0.232972130179405,0.0392841547727585,"Marrow"
0.232788503170013,0.0396290048956871,"Marrow"
0.2325249761343,0.0398970395326614,"Marrow"
0.232280686497688,0.0399323180317879,"Marrow"
0.231953665614128,0.0399405136704445,"Marrow"
0.23192423582077,0.0400091968476772,"Marrow"
0.231217831373215,0.0401113629341125,"Marrow"
0.230876237154007,0.0402557402849197,"Marrow"
0.230289146304131,0.0404793657362461,"Marrow"
0.230088502168655,0.0405048467218876,"Marrow"
0.229525297880173,0.0405542403459549,"Marrow"
0.228831365704536,0.040643859654665,"Marrow"
0.228383466601372,0.0407497957348824,"Marrow"
0.228037387132645,0.0408460982143879,"Marrow"
0.227995112538338,0.0413153432309628,"Marrow"
0.227220743894577,0.0413345173001289,"Marrow"
0.227145254611969,0.0413385853171349,"Marrow"
0.227051347494125,0.0415766723453999,"Marrow"
0.226727560162544,0.04249032959342,"Marrow"
0.226218476891518,0.0426218956708908,"Marrow"
0.225839793682098,0.0428539365530014,"Marrow"
0.22564209997654,0.0435729846358299,"Marrow"
0.225534841418266,0.0435848534107208,"Marrow"
0.225473880767822,0.0443417988717556,"Marrow"
0.225276365876198,0.0446051843464375,"Marrow"
0.225138515233994,0.0451127849519253,"Marrow"
0.225040480494499,0.0454697459936142,"Marrow"
0.224858164787292,0.0454986989498138,"Marrow"
0.224707931280136,0.0456608645617962,"Marrow"
0.22455158829689,0.0464558675885201,"Marrow"
0.22388619184494,0.0464788712561131,"Marrow"
0.2235067486763,0.0468958020210266,"Marrow"
0.223347052931786,0.0471240468323231,"Marrow"
0.223159968852997,0.0478880815207958,"Marrow"
0.223079398274422,0.0485637523233891,"Marrow"
0.223016440868378,0.0490284003317356,"Marrow"
0.222712501883507,0.0491531044244766,"Marrow"
0.222699895501137,0.0497343987226486,"Marrow"
0.222370624542236,0.0503400303423405,"Marrow"
0.222336798906326,0.0503735281527042,"Marrow"
0.222282618284225,0.0519216805696487,"Marrow"
0.222134381532669,0.0521200448274612,"Marrow"
0.222051486372948,0.0522301234304905,"Marrow"
0.222003921866417,0.0528422743082047,"Marrow"
0.221982181072235,0.0530973449349403,"Marrow"
0.221919670701027,0.0532581470906734,"Marrow"
0.221823707222939,0.0532656945288181,"Marrow"
0.221809759736061,0.0534129180014133,"Marrow"
0.221543163061142,0.0534653477370739,"Marrow"
0.221396341919899,0.0535782091319561,"Marrow"
0.221201047301292,0.0537449382245541,"Marrow"
0.221044361591339,0.0543143339455128,"Marrow"
0.22089421749115,0.0543318651616573,"Marrow"
0.220785096287727,0.0551989711821079,"Marrow"
0.220313146710396,0.0556988157331944,"Marrow"
0.220297873020172,0.0557811446487904,"Marrow"
0.220150113105774,0.0559440553188324,"Marrow"
0.22008803486824,0.0560109280049801,"Marrow"
0.220025509595871,0.056594904512167,"Marrow"
0.219694867730141,0.0566574819386005,"Marrow"
0.219541624188423,0.0566714517772198,"Marrow"
0.219507306814194,0.0575747489929199,"Marrow"
0.219505727291107,0.0586135610938072,"Marrow"
0.219172567129135,0.0587371475994587,"Marrow"
0.218964725732803,0.0591818988323212,"Marrow"
0.218905463814735,0.0596809685230255,"Marrow"
0.218872159719467,0.0607818774878979,"Marrow"
0.218043252825737,0.0609603337943554,"Marrow"
0.217928424477577,0.061000682413578,"Marrow"
0.217927172780037,0.0617283917963505,"Marrow"
0.217772841453552,0.0618782080709934,"Marrow"
0.217342346906662,0.0624040961265564,"Marrow"
0.217110574245453,0.0632026717066765,"Marrow"
0.216791495680809,0.0633853524923325,"Marrow"
0.216695263981819,0.0634499862790108,"Marrow"
0.216661587357521,0.063525453209877,"Marrow"
0.216477185487747,0.0637818649411201,"Marrow"
0.21633268892765,0.0641045570373535,"Marrow"
0.216292142868042,0.064165785908699,"Marrow"
0.21613734960556,0.064393937587738,"Marrow"
0.215404838323593,0.0649276524782181,"Marrow"
0.215275302529335,0.0649707764387131,"Marrow"
0.214987263083458,0.0652762725949287,"Marrow"
0.214696496725082,0.066095270216465,"Marrow"
0.214692190289497,0.0661856234073639,"Marrow"
0.21466152369976,0.0663081333041191,"Marrow"
0.214583322405815,0.0665273368358612,"Marrow"
0.214516460895538,0.0668841749429703,"Marrow"
0.214157119393349,0.0669698268175125,"Marrow"
0.214111924171448,0.0672579482197762,"Marrow"
0.213431730866432,0.0675926730036736,"Marrow"
0.213429257273674,0.0680181160569191,"Marrow"
0.213352859020233,0.0682027637958527,"Marrow"
0.213045075535774,0.0686246007680893,"Marrow"
0.212705045938492,0.0687109157443047,"Marrow"
0.212560385465622,0.0687183812260628,"Marrow"
0.212489530444145,0.0691528245806694,"Marrow"
0.212447836995125,0.069249227643013,"Marrow"
0.212443724274635,0.0693135336041451,"Marrow"
0.212322011590004,0.0697233229875565,"Marrow"
0.212140038609505,0.0711897686123848,"Marrow"
0.211786657571793,0.0721399709582329,"Marrow"
0.211738273501396,0.0724531412124634,"Marrow"
0.211594194173813,0.0726903975009918,"Marrow"
0.21158766746521,0.0728291347622871,"Marrow"
0.211291685700417,0.0736949145793915,"Marrow"
0.211230739951134,0.0737210065126419,"Marrow"
0.211134448647499,0.0740740746259689,"Marrow"
0.210904344916344,0.074126124382019,"Marrow"
0.210822775959969,0.0744481012225151,"Marrow"
0.210731700062752,0.074638843536377,"Marrow"
0.210690826177597,0.0747101232409477,"Marrow"
0.210665196180344,0.0748299285769463,"Marrow"
0.210526317358017,0.0753928497433662,"Marrow"
0.210497617721558,0.0761904790997505,"Marrow"
0.210335925221443,0.0763953477144241,"Marrow"
0.210236400365829,0.0764364749193192,"Marrow"
0.20991675555706,0.0771845430135727,"Marrow"
0.209704399108887,0.0774160474538803,"Marrow"
0.209381356835365,0.0779848098754883,"Marrow"
0.209223300218582,0.0780590698122978,"Marrow"
0.209187552332878,0.0781208053231239,"Marrow"
0.209175482392311,0.0781636089086533,"Marrow"
0.209060668945312,0.078269824385643,"Marrow"
0.209055334329605,0.0783518180251122,"Marrow"
0.208716362714767,0.0786043703556061,"Marrow"
0.208681583404541,0.0786106064915657,"Marrow"
0.208564236760139,0.0791791304945946,"Marrow"
0.208539739251137,0.0805178433656693,"Marrow"
0.208446890115738,0.0809707418084145,"Marrow"
0.207672074437141,0.081132709980011,"Marrow"
0.207644730806351,0.0816618874669075,"Marrow"
0.20758692920208,0.0817120522260666,"Marrow"
0.207576081156731,0.0823665261268616,"Marrow"
0.207479685544968,0.0824345946311951,"Marrow"
0.207054510712624,0.0826446264982224,"Marrow"
0.206671014428139,0.0831413418054581,"Marrow"
0.206601932644844,0.0832320749759674,"Marrow"
0.206596702337265,0.0843881890177727,"Marrow"
0.206238374114037,0.0844510644674301,"Marrow"
0.206205561757088,0.0854955315589905,"Marrow"
0.205737695097923,0.0855263099074364,"Marrow"
0.205479443073273,0.0858528837561607,"Marrow"
0.205387204885483,0.087109200656414,"Marrow"
0.205247431993484,0.0882256254553795,"Marrow"
0.205196782946587,0.0883686915040016,"Marrow"
0.204907283186913,0.0886350274085999,"Marrow"
0.20487804710865,0.0886726900935173,"Marrow"
0.204604282975197,0.0888558998703957,"Marrow"
0.204552158713341,0.0889035910367966,"Marrow"
0.204500004649162,0.0893300250172615,"Marrow"
0.204429313540459,0.0906486138701439,"Marrow"
0.204399645328522,0.0917834937572479,"Marrow"
0.204278066754341,0.0923190489411354,"Marrow"
0.204269200563431,0.0938341617584229,"Marrow"
0.203821659088135,0.0938657820224762,"Marrow"
0.20375482738018,0.0939575061202049,"Marrow"
0.203575327992439,0.0943485796451569,"Marrow"
0.202876895666122,0.0951936542987823,"Marrow"
0.202867195010185,0.0960219502449036,"Marrow"
0.202865332365036,0.0969094559550285,"Marrow"
0.202834129333496,0.0973216891288757,"Marrow"
0.202563300728798,0.0982302129268646,"Marrow"
0.202439412474632,0.0982620343565941,"Marrow"
0.202413901686668,0.0983908027410507,"Marrow"
0.202388763427734,0.0991367623209953,"Marrow"
0.20229834318161,0.0994594544172287,"Marrow"
0.20229372382164,0.0994697436690331,"Marrow"
0.202277302742004,0.0999535098671913,"Marrow"
0.202206537127495,0.10138713568449,"Marrow"
0.201998472213745,0.101449280977249,"Marrow"
0.201981037855148,0.101855009794235,"Marrow"
0.201915174722672,0.102143600583076,"Marrow"
0.201602712273598,0.102288924157619,"Marrow"
0.201373815536499,0.102364391088486,"Marrow"
0.201298698782921,0.102824047207832,"Marrow"
0.201158255338669,0.102961100637913,"Marrow"
0.201063558459282,0.103149242699146,"Marrow"
0.201040983200073,0.10352711379528,"Marrow"
0.200904384255409,0.104896664619446,"Marrow"
0.20087718963623,0.10506134480238,"Marrow"
0.200776055455208,0.105224959552288,"Marrow"
0.2005485445261,0.105746582150459,"Marrow"
0.200163170695305,0.108735904097557,"Marrow"
0.200138747692108,0.109514027833939,"Marrow"
0.200000002980232,0.109741225838661,"Marrow"
0.200000002980232,0.110268779098988,"Marrow"
0.199304759502411,0.110826939344406,"Marrow"
0.199292823672295,0.112472347915173,"Marrow"
0.199222549796104,0.112835355103016,"Marrow"
0.199132144451141,0.116814158856869,"Marrow"
0.199004977941513,0.117099657654762,"Marrow"
0.198994621634483,0.118522189557552,"Marrow"
0.198994264006615,0.119528993964195,"Marrow"
0.198903292417526,0.120204605162144,"Marrow"
0.198865175247192,0.121762610971928,"Marrow"
0.198798194527626,0.122106797993183,"Marrow"
0.198786646127701,0.123249679803848,"Marrow"
0.198704093694687,0.123962372541428,"Marrow"
0.19865982234478,0.124408699572086,"Marrow"
0.198625534772873,0.125380113720894,"Marrow"
0.198549076914787,0.126150488853455,"Marrow"
0.198169529438019,0.126249998807907,"Marrow"
0.198151588439941,0.126626536250114,"Marrow"
0.197954580187798,0.130929052829742,"Marrow"
0.19778099656105,0.130988731980324,"Marrow"
0.197760179638863,0.133028909564018,"Marrow"
0.197670683264732,0.133231341838837,"Marrow"
0.197630941867828,0.133907958865166,"Marrow"
0.197499200701714,0.135049730539322,"Marrow"
0.197340488433838,0.135542169213295,"Marrow"
0.197100311517715,0.139914885163307,"Marrow"
0.196863159537315,0.140133455395699,"Marrow"
0.196840018033981,0.144932866096497,"Marrow"
0.196739435195923,0.145866245031357,"Marrow"
0.196724578738213,0.146762281656265,"Marrow"
0.196695506572723,0.1490857899189,"Marrow"
0.19634073972702,0.150446355342865,"Marrow"
0.196141466498375,0.153283268213272,"Marrow"
0.196066752076149,0.156905636191368,"Marrow"
0.196027636528015,0.159338444471359,"Marrow"
0.195943623781204,0.161638259887695,"Marrow"
0.195942237973213,0.16281932592392,"Marrow"
0.195711106061935,0.164321899414062,"Marrow"
0.19547612965107,0.167054817080498,"Marrow"
0.195475876331329,0.175646543502808,"Marrow"
0.195334121584892,0.177118256688118,"Marrow"
0.195134148001671,0.178276255726814,"Marrow"
0.19500969350338,0.179218307137489,"Marrow"
0.194902166724205,0.181510463356972,"Marrow"
0.194494470953941,0.184451207518578,"Marrow"
0.194076046347618,0.187614962458611,"Marrow"
0.194033727049828,0.188565701246262,"Marrow"
0.194027081131935,0.191124677658081,"Marrow"
0.193955808877945,0.20087718963623,"Marrow"
0.193936362862587,0.202834129333496,"Marrow"
0.193856656551361,0.203575327992439,"Marrow"
0.193403765559196,0.207054510712624,"Marrow"
0.193181812763214,0.209055334329605,"Marrow"
0.19309601187706,0.210731700062752,"Marrow"
0.192964479327202,0.212489530444145,"Marrow"
0.192926049232483,0.233879804611206,"Marrow"
0.192923203110695,0.234049588441849,"Marrow"
0.192832216620445,0.255214720964432,"Marrow"
0.192567571997643,0.268135905265808,"Marrow"
0.192468628287315,0.279275625944138,"Marrow"
0.192406207323074,0.296070218086243,"Marrow"
0.192104041576385,0.303692162036896,"Marrow"
0.192066803574562,0.315789461135864,"Marrow"
0.192057088017464,0.323292106389999,"Marrow"
0.191935867071152,0.32432433962822,"Marrow"
0.191824615001678,0.337197870016098,"Marrow"
0.191700771450996,0.356718629598618,"Marrow"
0.19164802134037,0.380096763372421,"Marrow"
0.191582918167114,0.413559347391129,"Marrow"
0.191485717892647,0.414457827806473,"Marrow"
0.191240876913071,0.418842226266861,"Marrow"
0.191169142723083,0.427459597587585,"Marrow"
0.191124677658081,0.431153327226639,"Marrow"
0.19104740023613,0.594677269458771,"Marrow"
0.190965101122856,0.631743550300598,"Marrow"
0.190824389457703,0.719668745994568,"Marrow"
0.316137582063675,0.00222915736958385,"Marrow"
0.282685518264771,0.00286123040132225,"Marrow"
0.263366341590881,0.00300571112893522,"Marrow"
0.248957708477974,0.00347050069831312,"Marrow"
0.246661424636841,0.00370370363816619,"Marrow"
0.238961040973663,0.00404858309775591,"Marrow"
0.236363634467125,0.00510855671018362,"Marrow"
0.228592157363892,0.00535714253783226,"Marrow"
0.205479443073273,0.0053921565413475,"Marrow"
0.204204216599464,0.00575877167284489,"Marrow"
0.202150538563728,0.00613942975178361,"Marrow"
0.19458544254303,0.0088261254131794,"Marrow"
0.18433178961277,0.0147742228582501,"Marrow"
0.1840490847826,0.0155382920056581,"Marrow"
0.180688872933388,0.0170940179377794,"Marrow"
0.179734617471695,0.0182274468243122,"Marrow"
0.178057551383972,0.019062677398324,"Marrow"
0.177821189165115,0.0190644823014736,"Marrow"
0.177797824144363,0.019545515999198,"Marrow"
0.177344962954521,0.0199832916259766,"Marrow"
0.176384851336479,0.0204721111804247,"Marrow"
0.174284771084785,0.020675839856267,"Marrow"
0.173490628600121,0.0215086583048105,"Marrow"
0.172730624675751,0.0226810127496719,"Marrow"
0.17176316678524,0.0237667001783848,"Marrow"
0.169683247804642,0.0245711021125317,"Marrow"
0.164772719144821,0.0248384233564138,"Marrow"
0.160659119486809,0.0256518349051476,"Marrow"
0.153170123696327,0.0260416679084301,"Marrow"
0.151773437857628,0.0287828929722309,"Marrow"
0.147406727075577,0.0299103632569313,"Marrow"
0.146290495991707,0.0302873142063618,"Marrow"
0.14448370039463,0.0316883102059364,"Marrow"
0.143033295869827,0.0324004404246807,"Marrow"
0.141623497009277,0.0331504084169865,"Marrow"
0.139888793230057,0.0390593893826008,"Marrow"
0.139697954058647,0.0397883169353008,"Marrow"
0.13898541033268,0.0404614321887493,"Marrow"
0.137418746948242,0.0418725050985813,"Marrow"
0.135396510362625,0.0423094555735588,"Marrow"
0.135176658630371,0.0428324677050114,"Marrow"
0.130010828375816,0.0499334223568439,"Marrow"
0.12985472381115,0.0506020858883858,"Marrow"
0.129090905189514,0.0523108169436455,"Marrow"
0.126954928040504,0.0562382787466049,"Marrow"
0.125663712620735,0.0593493022024632,"Marrow"
0.125514909625053,0.0605574510991573,"Marrow"
0.124410927295685,0.0624930709600449,"Marrow"
0.123893812298775,0.0699893981218338,"Marrow"
0.121457487344742,0.0736842155456543,"Marrow"
0.121001929044724,0.0799024924635887,"Marrow"
0.120946981012821,0.0816151201725006,"Marrow"
0.120327107608318,0.0877407565712929,"Marrow"
0.12022277712822,0.0946602001786232,"Marrow"
0.118272840976715,0.112387724220753,"Marrow"
0.117982879281044,0.118272840976715,"Marrow"
0.117508806288242,0.12022277712822,"Marrow"
0.117093570530415,0.146290495991707,"Marrow"
0.115942031145096,0.172730624675751,"Marrow"
0.115853652358055,0.1840490847826,"Marrow"
0.115682281553745,0.205479443073273,"Marrow"
0.114333055913448,0.228592157363892,"Marrow"
0.361204028129578,0.000540784152690321,"Marrow"
0.347338944673538,0.00288933818228543,"Marrow"
0.338235288858414,0.00707809766754508,"Marrow"
0.327868849039078,0.00745712127536535,"Marrow"
0.323144108057022,0.00783475767821074,"Marrow"
0.321342915296555,0.0842975229024887,"Marrow"
0.315508008003235,0.130049258470535,"Marrow"
0.718151807785034,0.0145353879779577,"Marrow"
0.643500685691833,0.017703415825963,"Marrow"
0.595271170139313,0.0177977085113525,"Marrow"
0.595174193382263,0.0331107713282108,"Marrow"
0.577935934066772,0.0383551530539989,"Marrow"
0.53182464838028,0.0546638518571854,"Marrow"
0.518867909908295,0.0629570707678795,"Marrow"
0.471596986055374,0.10062026232481,"Marrow"
0.461403548717499,0.108508691191673,"Marrow"
0.458653032779694,0.120883628726006,"Marrow"
0.448313385248184,0.136754110455513,"Marrow"
0.43867501616478,0.143079325556755,"Marrow"
0.431254714727402,0.164363637566566,"Marrow"
0.424720585346222,0.201585903763771,"Marrow"
0.421218484640121,0.577935934066772,"Marrow"
0.421135663986206,0.718151807785034,"Marrow"
0.192052990198135,0.0256864484399557,"Marrow"
0.187683284282684,0.0390990227460861,"Marrow"
0.179669037461281,0.0477106608450413,"Marrow"
0.160337552428246,0.0551601424813271,"Marrow"
0.54237288236618,0.00407747179269791,"Muscle"
0.509554147720337,0.042813453823328,"Muscle"
0.454917997121811,0.0572091713547707,"Muscle"
0.445324122905731,0.190022006630898,"Muscle"
0.436256468296051,0.367301255464554,"Muscle"
0.404016047716141,0.436256468296051,"Muscle"
0.650259077548981,0.00326583930291235,"Pancreas"
0.602316617965698,0.0424107164144516,"Pancreas"
0.555865883827209,0.057781919836998,"Pancreas"
0.544061303138733,0.0706921890377998,"Pancreas"
0.535530388355255,0.0921052694320679,"Pancreas"
0.526997864246368,0.136585369706154,"Pancreas"
0.517099857330322,0.277138590812683,"Pancreas"
0.484848499298096,0.026300236582756,"Pancreas"
0.86779659986496,0.0829015523195267,"Pancreas"
0.790072381496429,0.556730091571808,"Pancreas"
0.754420459270477,0.729411780834198,"Pancreas"
0.457288056612015,0.00807061791419983,"Spleen"
0.4342240691185,0.0134477159008384,"Spleen"
0.430901944637299,0.0140061052516103,"Spleen"
0.415722578763962,0.0142131969332695,"Spleen"
0.406464815139771,0.0163440853357315,"Spleen"
0.395919114351273,0.0171444900333881,"Spleen"
0.364603489637375,0.0187643021345139,"Spleen"
0.364050060510635,0.0220513865351677,"Spleen"
0.356143683195114,0.024003429338336,"Spleen"
0.353279888629913,0.0251572318375111,"Spleen"
0.344437479972839,0.02720439247787,"Spleen"
0.340768843889236,0.0303744450211525,"Spleen"
0.334341883659363,0.0317234359681606,"Spleen"
0.334191232919693,0.039589561522007,"Spleen"
0.33047690987587,0.0469153225421906,"Spleen"
0.313811182975769,0.0573103204369545,"Spleen"
0.311359405517578,0.0618582181632519,"Spleen"
0.310632914304733,0.138637736439705,"Spleen"
0.308905959129333,0.159387826919556,"Spleen"
0.308093994855881,0.310632914304733,"Spleen"
0.300679713487625,0.395919114351273,"Spleen"
0.23987241089344,0.0300875287503004,"Spleen"
0.235006973147392,0.0497619807720184,"Spleen"
0.223837226629257,0.0756866186857224,"Spleen"
0.212381392717361,0.0887528657913208,"Spleen"
0.203260853886604,0.0970906093716621,"Spleen"
0.197379916906357,0.120534896850586,"Spleen"
0.195206969976425,0.121476776897907,"Spleen"
0.194075584411621,0.141889199614525,"Spleen"
0.191536754369736,0.18444949388504,"Spleen"
0.185491278767586,0.197379916906357,"Spleen"
0.18444949388504,0.235006973147392,"Spleen"
0.649798154830933,0.117512576282024,"Thymus"
0.589068055152893,0.501011252403259,"Thymus"
0.550690591335297,0.535353541374207,"Thymus"
0.542888998985291,0.539000511169434,"Thymus"
0.539922177791595,0.539922177791595,"Thymus"
0.539000511169434,0.649798154830933,"Thymus"
